City_ID,City,Lat,Lng,Max Temp,Humidity,Cloudiness,Wind Speed,Pressure,Country,Date
0,Adamstown,-25.066,-130.1015,73.58,80,100,21.39,1019,PN,1733951261
1,Minbu,20.1833,94.8833,64.58,76,11,4.09,1010,MM,1733951262
2,Mar del Plata,-38.0023,-57.5575,69.94,83,98,4.0,1011,AR,1733951210
3,Edinburgh of the Seven Seas,-37.0676,-12.3116,57.76,72,99,13.35,1024,SH,1733951264
4,Bethel,41.3712,-73.414,60.04,90,100,7.0,995,US,1733950988
5,Albany,42.6001,-73.9662,47.41,96,100,3.0,995,US,1733951109
6,Samcheok,37.4406,129.1708,36.46,82,36,5.12,1022,KR,1733951268
7,Shar,49.5886,81.0453,8.87,82,100,17.76,1041,KZ,1733951269
8,Port-aux-Français,-49.35,70.2167,40.77,81,34,28.27,982,TF,1733951209
9,Invercargill,-46.4,168.35,60.03,70,100,5.01,997,NZ,1733951258
10,Grytviken,-54.2811,-36.5092,39.11,81,87,6.93,1012,GS,1733951005
11,West Island,-12.1568,96.8225,78.78,89,40,17.27,1005,CC,1733951273
12,Brookings,44.3114,-96.7984,4.05,68,0,13.8,1027,US,1733951003
13,Rémire-Montjoly,4.9167,-52.2667,78.84,94,75,3.44,1009,GF,1733951275
14,Ilulissat,69.2167,-51.1,8.62,66,100,8.05,1027,GL,1733951276
15,Puerto Natales,-51.7236,-72.4875,66.65,39,40,17.27,1001,CL,1733951277
16,Puerto Princesa City,9.7392,118.7353,79.3,88,100,9.17,1007,PH,1733951278
17,Blackmans Bay,-43.0167,147.3167,59.13,72,99,6.2,999,AU,1733951279
18,Longyearbyen,78.2186,15.6401,13.84,57,40,16.11,1025,SJ,1733951281
19,Port Mathurin,-19.6833,63.4167,77.13,74,20,17.58,1014,MU,1733951282
20,Puerto Lempira,15.2667,-83.7667,82.6,75,36,10.4,1013,HN,1733951270
21,Bredasdorp,-34.5322,20.0403,63.36,81,94,4.05,1015,ZA,1733951285
22,Arvayheer,46.2639,102.775,8.01,71,100,2.84,1030,MN,1733951286
23,Lompoc,34.6391,-120.4579,71.69,38,0,6.91,1018,US,1733951184
24,New Norfolk,-42.7826,147.0587,59.92,70,92,7.14,1000,AU,1733951289
25,Udachny,66.4167,112.4,-1.62,90,100,6.42,1009,RU,1733951290
26,Kalmunai,7.4167,81.8167,77.95,91,95,7.52,1006,LK,1733951291
27,Pudozh,61.8099,36.5345,29.7,87,100,8.41,1005,RU,1733951292
28,Caculé,-14.5033,-42.2222,83.07,42,77,3.36,1008,BR,1733951293
29,Suances,43.4334,-4.0434,46.98,96,100,3.44,1021,ES,1733951294
30,Selfoss,63.9331,-20.9971,42.04,87,100,16.55,1009,IS,1733951295
31,La Foa,-21.7108,165.8276,83.44,57,100,3.15,1009,NC,1733951296
32,Nagqu Prefecture,31.5,92.0,22.35,10,0,13.4,1009,CN,1733951297
33,Arrondissement de Saint-Denis,48.9167,2.3333,42.08,81,100,11.5,1030,FR,1733951298
34,Ribeira Grande,38.5167,-28.7,63.77,82,40,8.05,1026,PT,1733951299
35,Mananara,-16.1667,49.7667,73.99,90,38,4.27,1014,MG,1733951300
36,Port Elizabeth,-33.918,25.5701,70.32,95,57,1.01,1014,ZA,1733951301
37,Medina,24.4686,39.6142,70.23,18,0,9.22,1019,SA,1733951303
38,Vilyuchinsk,52.9306,158.4028,5.27,86,96,9.78,990,RU,1733951304
39,Зуунмод,47.7069,106.9528,-6.57,99,100,3.4,1031,MN,1733951305
40,Xilin Hot,43.9667,116.0333,8.01,93,94,2.39,1032,CN,1733951116
41,Conde,-7.2597,-34.9075,81.86,74,75,10.36,1011,BR,1733951308
42,Utrik,11.2278,169.8474,81.59,77,8,21.09,1011,MH,1733951309
43,Ust-Nera,64.5667,143.2,-27.33,100,98,1.28,1020,RU,1733951310
44,Vadsø,70.0744,29.7487,24.96,86,92,21.85,1002,NO,1733951311
45,Puerto Ayora,-0.7393,-90.3518,74.55,94,85,5.99,1010,EC,1733951313
46,Cabedelo,-6.9811,-34.8339,83.07,79,13,10.13,1011,BR,1733951314
47,Ixtapa,20.7,-105.2,79.83,69,0,8.05,1011,MX,1733951315
48,Papatowai,-46.5619,169.4708,59.92,58,100,8.23,998,NZ,1733951316
49,Vorgashor,67.5833,63.95,13.12,96,99,7.61,983,RU,1733951317
50,Bilibino,68.0546,166.4372,-15.02,98,100,0.94,1008,RU,1733951318
51,Ola,59.5833,151.2833,-6.7,89,9,12.75,1000,RU,1733951319
52,Mendoza,-32.8908,-68.8272,90.77,20,0,10.45,1004,AR,1733951320
53,Thompson,55.7435,-97.8558,-14.64,70,75,9.22,1025,CA,1733951321
54,Antón Lizardo,19.05,-95.9833,69.22,65,86,37.38,1025,MX,1733951322
55,Killarney,52.05,-9.5167,34.27,93,20,3.58,1035,IE,1733951323
56,Whitefish,48.4111,-114.3376,35.51,75,75,0.0,1021,US,1733951325
57,Avarua,-21.2078,-159.775,82.45,69,20,14.97,1013,CK,1733951326
58,Kamyanyets,52.4001,23.81,32.36,96,100,8.16,1024,BY,1733951327
59,Hamilton,39.1834,-84.5333,36.84,70,100,10.36,1015,US,1733950742
60,Stanley,54.868,-1.6985,38.5,88,75,2.3,1036,GB,1733951329
61,Hawaiian Paradise Park,19.5933,-154.9731,78.89,89,40,9.22,1020,US,1733951330
62,Saint Paul Harbor,57.79,-152.4072,38.71,100,100,0.0,988,US,1733951306
63,Katabu,-4.9333,122.5167,76.01,94,99,1.97,1006,ID,1733951333
64,Tura,25.5198,90.2201,54.45,82,6,3.44,1013,IN,1733951334
65,Queenstown,-31.8976,26.8753,63.91,84,70,6.24,1015,ZA,1733951335
66,Tôlanaro,-25.0319,46.9987,76.66,77,8,15.59,1012,MG,1733951336
67,Nova Viçosa,-17.8919,-39.3719,78.01,80,98,7.49,1010,BR,1733951339
68,Margaret River,-33.95,115.0667,62.83,92,23,12.64,1009,AU,1733951340
69,Pangody,65.85,74.4859,17.1,94,100,13.29,988,RU,1733951341
70,Fort Bragg,35.139,-79.006,62.44,84,100,16.11,1008,US,1733951342
71,Jining,35.405,116.5814,32.77,64,99,4.61,1029,CN,1733951343
72,São Tomé,0.3365,6.7273,79.63,80,59,6.26,1013,ST,1733951344
73,Conduaga,8.862,117.4893,77.94,87,100,2.71,1006,PH,1733951345
74,Olonkinbyen,70.9221,-8.7187,19.13,59,100,13.76,1038,SJ,1733951346
75,Yaren,-0.5472,166.916,82.56,79,19,15.68,1007,NR,1733951347
76,Clorinda,-25.2848,-57.7185,93.97,46,71,4.9,1004,AR,1733951348
77,Waitangi,-43.9535,-176.5597,58.19,84,100,13.11,1013,NZ,1733951349
78,Badger,64.8,-147.5333,15.98,91,75,0.0,998,US,1733951350
79,Al Mijlad,11.0333,27.7333,75.61,20,1,14.12,1011,SD,1733951352
80,Atafu Village,-8.5421,-172.5159,82.67,73,100,6.89,1008,TK,1733951353
81,College,64.8569,-147.8028,16.07,85,75,0.0,998,US,1733951354
82,Saipan,15.1355,145.701,83.1,82,40,13.8,1011,MP,1733951355
83,Bandarbeyla,9.4942,50.8122,76.59,69,64,22.88,1014,SO,1733951356
84,Port Lincoln,-34.7333,135.8667,61.09,78,0,4.65,1013,AU,1733951357
85,Tazacorte,28.629,-17.9293,64.15,78,40,9.22,1021,ES,1733951358
86,Hithadhoo,-0.6,73.0833,81.99,79,100,14.27,1008,MV,1733951359
87,Sisimiut,66.9395,-53.6735,8.85,94,73,6.71,1026,GL,1733951360
88,Booué,-0.0921,11.9385,75.4,92,93,3.27,1012,GA,1733951361
89,Cooper’s Town,26.8667,-77.5167,74.37,82,16,13.09,1017,BS,1733951362
90,Holdrege,40.4403,-99.3698,40.91,52,0,4.61,1020,US,1733951364
91,Zahedan,29.4963,60.8629,35.01,47,0,3.51,1026,IR,1733951236
92,Port Douglas,-16.4833,145.4667,81.36,80,100,1.28,1006,AU,1733951366
93,Kapuskasing,49.4169,-82.4331,10.02,95,100,4.47,1009,CA,1733951367
94,Lebu,-37.6167,-73.65,59.14,74,0,16.58,1016,CL,1733951368
95,Grand Gaube,-20.0064,57.6608,76.37,88,72,1.99,1014,MU,1733951369
96,Yellowknife,62.456,-114.3525,-8.59,96,98,3.0,1028,CA,1733951290
97,Cold Springs,39.6802,-119.9766,51.84,20,0,6.91,1016,US,1733951371
98,Isafjordur,66.0755,-23.124,35.53,96,96,7.87,1007,IS,1733951372
99,Florø,61.5996,5.0328,35.56,100,40,4.61,1032,NO,1733951374
100,Lodja,-3.4833,23.4333,70.09,94,95,1.25,1012,CD,1733951375
101,Klyuchi,52.2667,79.1667,18.91,69,100,19.75,1029,RU,1733951376
102,Yigou,35.8114,114.3167,33.87,70,100,2.04,1030,CN,1733951377
103,Stavern,59.0,10.0333,29.12,71,40,3.91,1033,NO,1733951379
104,Podgornoye,51.735,39.1496,32.22,100,100,4.47,1011,RU,1733951380
105,Sitka,57.0531,-135.33,49.89,57,100,18.41,1005,US,1733951381
106,Petropavlovsk-Kamchatskiy,53.0452,158.6483,3.79,78,20,4.47,989,RU,1733951382
107,Labrador City,52.9463,-66.9114,26.51,90,100,3.44,1012,CA,1733951383
108,Naryan-Mar,67.6713,53.087,22.95,92,99,13.65,987,RU,1733951384
109,Magog,45.2668,-72.1491,35.04,100,100,2.46,998,CA,1733951385
110,Aksay,51.1678,52.995,18.54,90,19,9.17,1017,KZ,1733951386
111,Kourou,5.1552,-52.6478,79.3,80,98,5.79,1009,GF,1733951387
112,Ushuaia,-54.8,-68.3,51.84,77,99,10.16,1000,AR,1733951228
113,Antofagasta,-23.65,-70.4,65.48,78,100,7.63,1012,CL,1733951389
114,Villaguay,-31.8653,-59.0269,88.3,27,69,11.95,1008,AR,1733951390
115,Ukiah,39.1502,-123.2078,62.37,39,0,0.0,1019,US,1733951392
116,Anadyr,64.75,177.4833,32.5,86,75,11.18,988,RU,1733951393
117,Margate,51.3813,1.3862,45.7,79,100,3.0,1032,GB,1733950909
118,Pacific Grove,36.6177,-121.9166,67.35,55,0,5.75,1019,US,1733951395
119,Ust-Tsilma,65.441,52.1498,8.78,99,100,4.05,989,RU,1733951396
120,Yoko,5.5333,12.3167,78.04,25,100,4.52,1011,CM,1733951397
121,Trairi,-3.2778,-39.2689,79.74,79,9,11.81,1009,BR,1733951316
122,Pariaman,-0.619,100.12,73.78,92,100,6.08,1008,ID,1733951399
123,Qaqortoq,60.7167,-46.0333,11.66,88,12,1.07,1019,GL,1733951400
124,Gamba,-2.65,10.0,76.91,87,100,4.36,1013,GA,1733951401
125,Iqaluit,63.7506,-68.5145,4.73,94,100,4.56,1027,CA,1733951402
126,Biltine,14.5333,20.9167,72.66,16,6,9.04,1014,TD,1733951404
127,Viedma,-40.8135,-62.9967,70.52,54,99,19.75,1009,AR,1733951405
128,Novoagansk,61.9449,76.6625,17.65,92,100,12.93,998,RU,1733951406
129,Notsé,6.95,1.1667,79.88,72,100,5.91,1011,TG,1733951407
130,Hajjah,15.6943,43.6058,60.19,72,1,1.48,1017,YE,1733951369
131,George Town,5.4112,100.3354,80.53,82,20,3.0,1006,MY,1733951409
132,Aykhal,66.0,111.5,-2.31,97,100,13.38,1010,RU,1733951410
133,Newman,37.3138,-121.0208,61.36,31,3,5.68,1019,US,1733951413
134,Swakopmund,-22.6833,14.5333,62.67,92,66,7.99,1013,NA,1733951414
135,Kandete,-9.15,33.8,63.34,78,44,2.19,1016,TZ,1733951415
136,Gobabis,-22.45,18.9667,80.49,26,31,8.21,1011,NA,1733951416
137,Kuta,-8.7233,115.1723,76.95,100,40,2.3,1005,ID,1733951417
138,Narimanov,46.6927,47.8498,39.16,96,100,6.67,1015,RU,1733951418
139,Tiksi,71.6872,128.8694,-24.29,98,45,4.32,1017,RU,1733951419
140,Kruisfontein,-34.0033,24.7314,68.04,81,99,6.73,1014,ZA,1733951420
141,Obo,5.3998,26.4869,76.59,34,15,3.15,1010,CF,1733951421
142,Nyurba,63.2842,118.3319,-1.17,95,95,7.07,1016,RU,1733951422
143,Durango,24.8333,-104.8333,58.24,23,88,11.14,1020,MX,1733951341
144,Northam,51.0333,-4.2167,44.04,76,99,13.09,1033,GB,1733951425
145,Cidreira,-30.1811,-50.2056,70.5,73,3,13.49,1015,BR,1733951426
146,Kailua-Kona,19.6406,-155.9956,82.27,69,20,8.05,1018,US,1733951427
147,Lihue,21.9789,-159.3672,78.39,73,40,19.57,1021,US,1733951428
148,Dryden,49.7833,-92.7503,-3.71,71,100,12.66,1021,CA,1733951429
149,East London,-33.0153,27.9116,71.91,81,90,5.64,1014,ZA,1733951430
150,Prado,-17.3411,-39.2208,78.67,81,97,12.46,1010,BR,1733951431
151,Roshchino,60.2519,29.6085,29.84,73,46,14.47,1015,RU,1733951432
152,Dingli,35.8614,14.3822,57.81,72,75,5.75,1023,MT,1733951433
153,Jamestown,42.097,-79.2353,33.03,96,100,15.01,1005,US,1733951144
154,Hermanus,-34.4187,19.2345,61.81,79,91,8.3,1016,ZA,1733951435
155,Olyokminsk,60.3736,120.4264,3.88,93,99,4.99,1021,RU,1733951436
156,Mariental,-24.6333,17.9667,90.84,20,96,13.15,1009,NA,1733951437
157,Hassi Messaoud,31.6804,6.0729,58.08,35,59,10.0,1017,DZ,1733951439
158,Kangundo,-1.2979,37.3471,58.1,93,100,0.49,1016,KE,1733951440
159,Yanbu,24.0891,38.0637,69.84,52,0,4.61,1014,SA,1733951441
160,Pak Phanang,8.3511,100.202,78.84,80,100,8.32,1005,TH,1733951442
161,Kayangel,8.0823,134.7173,83.82,79,100,18.07,1006,PW,1733951443
162,Nemuro,43.3236,145.575,27.12,56,5,24.65,1007,JP,1733951169
163,Saynshand,44.8824,110.1163,16.12,87,94,7.05,1029,MN,1733951446
164,Punta Arenas,-53.15,-70.9167,62.71,39,0,14.97,1000,CL,1733951447
165,Winkler,49.1817,-97.941,-12.82,87,85,10.56,1029,CA,1733951448
166,Kirkland Lake,48.1446,-80.0377,17.67,93,100,6.8,1004,CA,1733951450
167,Kaoma,-14.7833,24.8,75.16,48,79,6.46,1011,ZM,1733951451
168,Castro,-24.7911,-50.0119,66.81,85,61,8.5,1012,BR,1733951452
169,Afaahiti,-17.75,-149.2833,75.2,85,100,24.65,1010,PF,1733951453
170,Fuyuan,46.4333,127.0833,-13.58,100,99,4.34,1028,CN,1733951455
171,Arraial do Cabo,-22.9661,-42.0278,76.86,73,20,8.05,1014,BR,1733951456
172,Talnakh,69.4865,88.3972,5.94,91,100,19.3,1000,RU,1733951457
173,Gulf Shores,30.246,-87.7008,57.34,41,0,12.66,1024,US,1733951370
174,Kalabo,-14.97,22.6814,81.0,37,80,2.73,1010,ZM,1733951460
175,Uturoa,-16.7333,-151.4333,75.83,87,100,17.52,1010,PF,1733951461
176,Hengchun,22.0042,120.7439,71.44,79,100,20.18,1015,TW,1733951462
177,St. John's,47.5649,-52.7093,41.14,95,100,7.0,1032,CA,1733951235
178,Shaping,22.7545,112.9565,57.33,56,83,10.87,1018,CN,1733951464
179,Gwadar,25.1216,62.3254,65.64,33,0,16.69,1019,PK,1733951465
180,Kumul,42.8,93.45,19.45,75,56,2.08,1045,CN,1733951466
181,Mwinilunga,-11.7358,24.4293,63.81,90,30,3.85,1014,ZM,1733951467
182,Mukalla,14.5425,49.1242,74.03,44,0,3.85,1016,YE,1733951469
183,Bardai,11.65,7.2333,72.34,25,100,9.13,1014,NG,1733951470
184,Port Augusta,-32.5,137.7667,67.78,48,0,7.61,1012,AU,1733951472
185,Aasiaat,68.7098,-52.8699,-3.1,95,52,4.81,1026,GL,1733951404
186,Fale old settlement,-9.3852,-171.2468,81.5,75,85,4.85,1008,TK,1733951474
187,São João do Paraíso,-15.3136,-42.0144,78.84,55,85,2.48,1009,BR,1733951475
188,Broken Hill,-31.95,141.4333,66.34,40,0,14.63,1012,AU,1733951476
189,Abakaliki,6.3163,8.1169,82.42,46,62,6.71,1010,NG,1733951477
190,Prince George,53.9166,-122.753,30.61,100,100,3.44,1017,CA,1733951466
191,Ocher,57.8904,54.7202,26.17,93,99,12.55,998,RU,1733951479
192,Singkil,-7.9855,111.4161,76.5,90,81,1.16,1006,ID,1733951480
193,Wanning,18.8003,110.3967,71.29,90,99,11.36,1013,CN,1733951481
194,Zeya,53.75,127.2667,-2.65,90,81,3.83,1020,RU,1733951483
195,Karkira,36.9292,6.5856,52.88,58,84,3.67,1020,DZ,1733951412
196,Pôsto Fiscal Rolim de Moura,-13.0833,-62.2667,87.49,62,91,2.06,1004,BR,1733951485
197,Cologne,50.9333,6.95,38.05,82,100,2.3,1032,DE,1733951486
198,Saint-Joseph,-21.3667,55.6167,75.58,81,71,12.48,1016,RE,1733951487
199,Usinsk,65.9939,57.5281,3.69,100,99,7.02,985,RU,1733951243
200,Bani Walid,31.7566,13.9942,59.97,48,94,3.62,1021,LY,1733951490
201,Nikel,69.4128,30.222,18.75,92,54,21.77,1004,RU,1733951491
202,Tarawa,1.419,172.984,86.09,74,20,9.22,1008,KI,1733951494
203,Vilhena,-12.7406,-60.1458,81.95,78,100,0.96,1006,BR,1733951346
204,Khandyga,62.6667,135.6,-39.93,100,63,1.25,1022,RU,1733951496
205,Kudahuvadhoo,2.6708,72.8944,81.7,75,16,5.68,1008,MV,1733951497
206,Chonchi,-42.6128,-73.8092,66.11,56,44,0.49,1016,CL,1733951498
207,Drayton Valley,53.2168,-114.9854,23.16,93,98,4.83,1018,CA,1733951499
208,Antalaha,-14.9003,50.2788,74.34,86,7,5.99,1013,MG,1733951336
209,Dompu,-8.5356,118.4622,76.14,94,100,1.54,1007,ID,1733951501
210,Tazovsky,67.4667,78.7,14.05,93,100,13.47,989,RU,1733951502
211,Ulladulla,-35.35,150.4667,68.92,72,1,1.25,1008,AU,1733951503
212,Sona,45.4388,10.8255,36.52,87,0,4.61,1027,IT,1733951505
213,Amstetten,48.1229,14.8721,33.17,87,90,2.15,1031,AT,1733951507
214,Holualoa,19.6228,-155.9522,78.55,68,20,8.05,1018,US,1733951509
215,Quincy,42.2529,-71.0023,64.0,95,100,24.16,1000,US,1733951510
216,Tofol,5.3248,163.0078,83.3,79,100,17.25,1007,FM,1733951511
217,Nouadhibou,20.931,-17.0347,67.98,60,0,18.41,1017,MR,1733951512
218,Glen Innes,-29.7333,151.7333,65.77,72,2,1.86,1011,AU,1733951513
219,Acapulco de Juárez,16.8634,-99.8901,87.62,62,20,6.91,1011,MX,1733951402
220,Khadan Khak,30.7477,67.7085,28.49,57,0,9.35,1025,PK,1733951515
221,Paracuru,-3.41,-39.0306,79.84,80,36,11.99,1009,BR,1733951517
222,Tinajo,29.0788,-13.7081,61.68,77,40,1.14,1019,ES,1733951518
223,Tanout,14.9709,8.8879,73.45,22,100,10.94,1016,NE,1733951519
224,Tahe,52.3333,124.7333,-15.14,97,29,4.38,1027,CN,1733951520
225,Tralee,52.2704,-9.7026,32.95,96,20,4.59,1035,IE,1733951521
226,Sligo,54.2697,-8.4694,39.13,75,100,2.3,1036,IE,1733951409
227,Alofi,-19.0595,-169.9187,84.09,70,75,19.57,1011,NU,1733951523
228,Keflavik,64.0049,-22.5624,43.23,93,75,18.41,1006,IS,1733951524
229,Burao,9.5221,45.5336,62.96,49,3,10.67,1016,SO,1733951526
230,Torghay,49.6339,63.4981,19.54,57,91,16.53,1027,KZ,1733951527
231,Necochea,-38.5473,-58.7368,69.66,62,66,19.71,1010,AR,1733951239
232,Ciudad de Allende,25.2833,-100.0167,61.07,23,2,7.34,1029,MX,1733951529
233,Cromer,52.9312,1.2989,42.8,80,100,5.99,1034,GB,1733951530
234,Nicoya,10.1483,-85.452,83.98,70,28,14.85,1008,CR,1733951531
235,Port Alfred,-33.5906,26.891,69.19,96,91,1.99,1014,ZA,1733951532
236,Vila Franca do Campo,37.7167,-25.4333,59.41,86,62,6.4,1026,PT,1733951533
237,Codrington,-38.2667,141.9667,60.3,83,100,8.84,1010,AU,1733951534
238,Cortez,37.3489,-108.5859,40.69,31,0,0.0,1024,US,1733951535
239,Port Macquarie,-31.4333,152.9167,72.07,81,7,5.01,1009,AU,1733951537
240,Kavaratti,10.5669,72.642,82.87,74,53,8.34,1008,IN,1733951538
241,Susuman,62.7833,148.1667,-25.78,100,99,2.01,1015,RU,1733951539
242,Nuuk,64.1835,-51.7216,18.21,73,20,12.66,1025,GL,1733951540
243,Prokudskoye,55.0089,82.4574,17.47,62,100,20.13,1022,RU,1733951541
244,Svislach,53.6404,27.9199,32.25,93,97,8.34,1021,BY,1733951542
245,Hargeisa,9.56,44.065,57.61,91,13,8.97,1018,SO,1733951543
246,Yuli,9.6989,10.2744,78.17,24,94,6.11,1012,NG,1733951544
247,Sungai Penuh,-2.0833,101.3833,63.75,79,100,3.06,1010,ID,1733951309
248,Wailua Homesteads,22.0669,-159.378,77.79,80,40,19.57,1021,US,1733951546
249,Minas de Marcona,-15.2119,-75.1103,66.56,66,45,15.48,1011,PE,1733951547
250,Dubai,25.2582,55.3047,73.33,49,0,5.75,1018,AE,1733951548
251,Prieska,-29.6641,22.7474,85.66,17,0,17.25,1009,ZA,1733951551
252,Lozovo,41.7839,21.9056,42.4,83,25,4.34,1025,MK,1733951552
253,Khandūd,36.9513,72.318,6.15,95,100,3.18,1039,AF,1733951553
254,The Pas,53.8251,-101.2541,-9.35,91,95,8.7,1030,CA,1733951474
255,Aleg,17.0481,-13.9209,76.1,10,38,10.63,1013,MR,1733951555
256,Lamu,-2.2717,40.902,78.71,87,100,11.1,1011,KE,1733951556
257,Ati,13.2154,18.3353,75.56,11,81,11.01,1013,TD,1733951557
258,Namsos,64.4662,11.4957,33.71,86,75,5.75,1031,NO,1733951558
259,Mount Gambier,-37.8333,140.7667,60.24,78,100,5.57,1010,AU,1733951559
260,Charters Towers,-20.1,146.2667,77.76,83,100,9.35,1005,AU,1733951560
261,Wamba,8.9333,8.6,78.73,24,76,6.02,1011,NG,1733951562
262,Bikenibeu Village,1.3673,173.1241,85.96,74,20,9.22,1008,KI,1733951563
263,Kuopio,62.8924,27.677,28.35,69,0,14.97,1014,FI,1733951564
264,Flying Fish Cove,-10.4217,105.6791,78.48,88,40,9.22,1004,CX,1733951565
265,Oytal,42.9057,73.2697,16.99,68,2,4.25,1036,KZ,1733951566
266,Marsá Maţrūḩ,31.3525,27.2453,63.23,63,100,2.93,1023,EG,1733951567
267,Igarka,67.4667,86.5833,5.83,93,100,21.34,1000,RU,1733951568
268,Maun,-19.9833,23.4167,75.16,60,0,3.44,1009,BW,1733951569
269,Campoverde,-8.4753,-74.8058,89.29,39,65,1.9,1003,PE,1733951570
270,Oranjemund,-28.55,16.4333,63.57,91,94,11.07,1014,NA,1733951573
271,Biloela,-24.4167,150.5,74.95,79,45,6.89,1008,AU,1733951574
272,Callao,-12.0667,-77.15,77.72,73,0,12.66,1011,PE,1733951475
273,Portland,45.5234,-122.6762,47.77,67,0,9.22,1016,US,1733951304
274,Mil’kovo,55.6078,37.7956,27.63,59,100,7.92,1011,RU,1733951577
275,Iskateley,67.6803,53.1512,22.98,92,99,13.73,987,RU,1733951578
276,Kushtagi,15.7667,76.2,66.99,55,100,7.85,1012,IN,1733951579
277,Taltal,-25.4,-70.4833,66.96,70,41,6.73,1012,CL,1733951580
278,Naze,28.3667,129.4833,61.25,82,100,14.05,1018,JP,1733951582
279,Xigazê,29.25,88.8833,24.84,25,6,2.28,1010,CN,1733951583
280,Suntar,62.1444,117.6319,-5.1,98,74,5.14,1019,RU,1733951584
281,Moree,-29.4667,149.85,74.77,71,5,11.3,1009,AU,1733951586
282,Ta`ū,-14.2336,-169.5144,81.86,77,45,14.14,1008,AS,1733951587
283,Jaguaribe,-5.8906,-38.6219,92.35,28,30,5.93,1007,BR,1733951588
284,Bam,29.106,58.357,44.65,48,0,1.79,1025,IR,1733951589
285,Aral,40.5156,81.2636,22.91,77,7,6.62,1043,CN,1733951590
286,Galle,6.0367,80.217,82.92,79,76,8.66,1006,LK,1733951591
287,Chamdo,31.1667,97.2333,21.18,57,1,3.8,1012,CN,1733951592
288,Miðvágur,62.0511,-7.1939,45.43,93,100,11.5,1029,FO,1733951593
289,Inverloch,-38.6333,145.7167,60.35,85,100,14.5,1009,AU,1733951594
290,Dongsheng,39.8161,109.9776,19.94,73,100,13.56,1032,CN,1733951475
291,San Luis de la Loma,17.2706,-100.8939,84.38,67,62,6.31,1011,MX,1733951597
292,Oeiras,-7.0253,-42.1311,86.45,38,98,6.46,1005,BR,1733951598
293,Vostochnyy,55.8167,37.8667,27.84,100,100,7.31,1011,RU,1733951599
294,Puerto Armuelles,8.2833,-82.8667,78.1,83,34,1.01,1008,PA,1733951414
295,Rongelap,11.1635,166.8941,82.11,70,12,20.51,1011,MH,1733951601
296,Xinyuan,37.3,99.0,5.99,77,95,13.02,1029,CN,1733951602
297,Naxos,37.1056,25.3764,60.3,81,81,3.0,1023,GR,1733951476
298,La Paz,-16.5,-68.15,64.38,44,75,9.22,1012,BO,1733951580
299,Pisco,-13.7,-76.2167,73.45,64,0,17.27,1010,PE,1733951606
300,Moab,38.5733,-109.5498,42.49,41,100,3.02,1028,US,1733951607
301,Happy Valley-Goose Bay,53.3168,-60.3315,21.51,93,100,5.75,1023,CA,1733951608
302,Argos,37.6333,22.7333,52.02,75,85,4.85,1024,GR,1733951359
303,Jalai Nur,49.45,117.7,-7.04,92,12,4.79,1030,CN,1733951610
304,Kidal,18.4411,1.4078,77.85,19,98,8.21,1015,ML,1733951611
305,Norwalk,33.9022,-118.0817,74.05,14,0,6.91,1017,US,1733951565
306,Sadah,16.9402,43.7639,50.99,39,0,4.9,1022,YE,1733951613
307,Juan Griego,11.0817,-63.9655,82.08,70,6,10.74,1010,VE,1733951616
308,Gadzhiyevo,69.2551,33.3362,20.59,87,99,24.54,1001,RU,1733951617
309,Calpe,38.6447,0.0445,48.27,94,98,11.86,1019,ES,1733951618
310,Zonguldak,41.25,31.8333,44.49,96,100,1.9,1022,TR,1733951619
311,Meise,50.9393,4.3266,38.52,92,75,4.61,1032,BE,1733951620
312,Enewetak,11.3474,162.3373,82.31,80,7,21.36,1010,MH,1733951621
313,Puerto Plata,19.7934,-70.6884,84.04,74,40,11.5,1016,DO,1733951622
314,Lázaro Cárdenas,17.9583,-102.2,84.6,71,18,9.42,1011,MX,1733951623
315,Namtsy,62.7161,129.6658,-42.54,100,79,1.57,1021,RU,1733951626
316,Kärdla,58.9978,22.7492,37.38,65,20,9.22,1025,EE,1733951627
317,Puerto Deseado,-47.7503,-65.8938,64.94,46,100,25.32,1008,AR,1733951571
318,Sandviken,60.6167,16.7667,24.96,86,7,5.28,1030,SE,1733951624
319,Merizo Village,13.2658,144.6691,79.99,87,24,16.26,1009,GU,1733951631
320,Bo`ka,40.8108,69.1986,27.09,52,0,3.49,1032,UZ,1733951633
321,Geraldton,-28.7667,114.6,73.81,88,91,4.61,1006,AU,1733951634
322,San Ramon,37.7799,-121.978,61.75,60,0,5.75,1019,US,1733951635
323,Tulum,20.2167,-87.4667,74.41,93,100,6.4,1017,MX,1733951636
324,Akureyri,65.6835,-18.0878,33.73,93,75,9.22,1010,IS,1733951637
325,Orsha,54.5153,30.4053,27.52,92,94,7.4,1019,BY,1733951638
326,Kulunda,52.566,78.9385,18.32,74,100,20.74,1027,RU,1733951339
327,Santa Cruz de la Sierra,-17.8,-63.1667,87.26,66,75,14.97,1003,BO,1733951503
328,Juegang,32.3174,121.1855,46.24,64,97,10.25,1027,CN,1733951432
329,Mahgawān,26.5,78.6042,50.41,29,24,5.68,1015,IN,1733951642
330,Comodoro Rivadavia,-45.8667,-67.5,68.79,54,10,19.06,1007,AR,1733951407
331,Daru,-9.0763,143.2092,79.0,83,92,6.64,1007,PG,1733951645
332,Zhangye,38.9342,100.4517,16.59,88,100,10.33,1043,CN,1733951646
333,Kargasok,59.0556,80.8572,17.64,91,100,14.47,1008,RU,1733951647
334,San Antonio de Palé,-1.4014,5.6325,78.69,83,100,10.0,1013,GQ,1733951648
335,San Martín,-33.081,-68.4681,93.56,20,0,13.78,1002,AR,1733951649
336,Saint-François,46.4154,3.9054,31.68,100,100,1.14,1028,FR,1733951650
337,Tëploye,53.6202,37.5903,28.02,93,100,9.66,1012,RU,1733951651
338,Sinabang,2.4803,96.3801,77.85,85,78,6.44,1007,ID,1733951652
339,Mont-Dore,-22.2833,166.5833,82.99,99,93,0.81,1009,NC,1733951653
340,Constanța,44.1833,28.65,41.7,75,100,11.16,1022,RO,1733951431
341,Pustoshka,56.3355,29.369,27.45,95,55,8.3,1019,RU,1733951655
342,Bahía de Kino,28.8333,-111.9333,67.37,39,72,21.83,1015,MX,1733951657
343,Terrace,54.5163,-128.6035,39.11,93,100,12.66,1013,CA,1733951658
344,El Calafate,-50.3408,-72.2768,59.58,50,100,12.59,1002,AR,1733951606
345,Lerwick,60.1545,-1.1494,48.9,90,100,12.12,1032,GB,1733951660
346,Cidade Velha,14.9167,-23.6167,73.87,64,75,14.97,1015,CV,1733951661
347,Elele,5.1009,6.8141,80.1,74,99,6.76,1011,NG,1733951662
348,Cedeira,43.6797,-8.0209,46.67,73,73,14.97,1019,ES,1733951663
349,Egilsstadir,65.2653,-14.3948,35.51,87,75,8.05,1015,IS,1733951664
350,San Andrés,12.5847,-81.7006,86.02,79,20,11.5,1011,CO,1733951665
351,Aktanysh,55.7216,54.0829,30.31,90,100,19.22,1004,RU,1733951666
352,Mili,6.0815,171.735,82.99,77,89,16.8,1008,MH,1733951667
353,Villa Emilio Carranza,19.9667,-96.6,62.35,59,79,23.11,1029,MX,1733951668
354,Sandnessjøen,66.0217,12.6316,33.91,80,100,5.75,1029,NO,1733951663
355,Flin Flon,54.7682,-101.865,-14.96,70,20,4.61,1029,CA,1733951671
356,Chadan,51.2833,91.5833,-7.87,96,99,1.36,1047,RU,1733951672
357,Hausjärvi,60.7833,24.9333,27.12,92,7,10.47,1020,FI,1733951673
358,Laojunmiao,39.8333,97.7333,4.73,89,99,12.1,1045,CN,1733951674
359,Island Harbour,50.724,-1.2758,44.98,68,100,7.0,1032,GB,1733951675
360,Aykol,38.1751,77.2132,22.6,70,100,4.21,1041,CN,1733951676
361,Tauranga,-37.6861,176.1667,68.52,95,100,1.01,1009,NZ,1733951677
362,Kukuna,9.4,-12.6667,77.04,68,19,7.02,1011,SL,1733951678
363,Jiangyou,31.7667,104.7167,43.09,85,100,2.93,1024,CN,1733951679
364,Kundian,32.4587,71.4775,52.56,16,2,4.9,1016,PK,1733951680
365,Acaraú,-2.8856,-40.12,80.46,79,89,16.64,1009,BR,1733951681
366,Umirim,-3.6772,-39.3503,82.53,64,21,9.53,1009,BR,1733951682
367,Uthal,25.8072,66.6219,63.63,19,0,10.16,1017,PK,1733951562
368,Quartu Sant'Elena,39.2419,9.1839,53.01,70,0,4.61,1023,IT,1733951442
369,San Patricio,28.017,-97.5169,66.15,19,0,4.09,1029,US,1733951688
370,Arrifes,37.7667,-25.7,57.45,88,75,6.91,1025,PT,1733951689
371,Bwizibwera,-0.5917,30.6286,62.22,90,93,2.04,1014,UG,1733951690
372,Casino,-28.8667,153.05,70.16,76,0,1.12,1011,AU,1733951691
373,Hadibu,12.65,54.0333,76.46,70,70,17.16,1014,YE,1733951692
374,Agat Village,13.3886,144.6585,80.37,88,0,4.61,1010,GU,1733951694
375,Mörön,49.6342,100.1625,0.55,94,69,5.17,1039,MN,1733951695
376,Kerikeri,-35.2268,173.9474,65.16,97,100,5.77,1008,NZ,1733951696
377,Ephrata,40.1798,-76.1788,50.77,84,100,25.32,999,US,1733951698
378,Beau Vallon,-20.4189,57.6953,77.23,88,75,8.05,1015,MU,1733951699
379,Rio Grande,-32.035,-52.0986,69.96,67,0,14.83,1015,BR,1733951700
380,Fort McMurray,56.7268,-111.381,-4.41,71,100,9.22,1027,CA,1733951155
381,Kingston,17.997,-76.7936,84.16,76,26,1.32,1014,JM,1733951557
382,Delījān,33.9905,50.6838,42.96,53,9,5.61,1022,IR,1733951703
383,Cabo San Lucas,22.8909,-109.9124,79.75,55,20,10.36,1012,MX,1733951611
384,Baukau,51.5526,7.2042,38.48,89,10,1.21,1032,DE,1733951706
385,Nova Sintra,14.8667,-24.7167,77.22,68,4,21.47,1014,CV,1733951707
386,Sandakan,5.8402,118.1179,76.68,100,20,2.3,1006,MY,1733951676
387,Mhamid,29.82,-5.72,60.46,32,0,6.46,1013,MA,1733951709
388,Koné,-21.0595,164.8658,85.19,59,84,4.5,1009,NC,1733951710
389,Kirakira,-10.4544,161.9205,83.35,78,81,5.12,1008,SB,1733951711
390,Dazuocun,24.8862,118.9643,61.14,82,100,31.68,1020,CN,1733951712
391,Hasaki,35.7333,140.8333,45.77,50,3,22.73,1015,JP,1733951713
392,Zherdevka,51.8486,41.4606,29.34,97,91,4.16,1011,RU,1733951714
393,Altay,47.8667,88.1167,-3.64,73,85,6.51,1050,CN,1733951715
394,Iquique,-20.2208,-70.1431,66.56,78,46,2.37,1012,CL,1733951476
395,Mizdah,31.4451,12.9801,57.47,47,99,6.08,1021,LY,1733951717
396,Pontes e Lacerda,-15.2261,-59.3353,86.32,64,86,4.45,1005,BR,1733951601
397,Inverness,57.4791,-4.224,31.91,100,20,6.91,1035,GB,1733951633
398,Zhänibek,49.4167,46.85,32.13,96,95,8.16,1014,KZ,1733951721
399,Ha'il,27.5219,41.6907,48.22,46,0,4.61,1022,SA,1733951722
400,Labytnangi,66.6572,66.4183,2.39,96,56,4.16,984,RU,1733951723
401,Sarkand,45.41,79.9186,12.56,63,48,7.43,1039,KZ,1733951724
402,Abra Pampa,-22.7205,-65.697,63.59,33,98,12.41,1007,AR,1733951726
403,Yuzhno-Kurilsk,44.0306,145.8556,27.39,72,85,20.0,1005,RU,1733951727
404,Sīwah,29.2041,25.5195,61.63,40,100,4.65,1022,EG,1733951728
405,Luanda,-8.8368,13.2343,78.08,89,99,7.36,1012,AO,1733951455
406,Sigli,5.3848,95.9609,76.75,85,100,5.35,1007,ID,1733951730
407,Cologne,50.9333,6.95,38.05,82,100,2.3,1032,DE,1733951486
408,Guangyuan,32.442,105.823,42.28,87,100,4.54,1025,CN,1733951733
409,Polyarny,69.1989,33.4478,20.77,86,100,24.81,1001,RU,1733951735
410,Lorengau,-2.0226,147.2712,82.33,80,85,4.29,1006,PG,1733951736
411,Piti Village,13.4626,144.6933,80.31,88,0,4.61,1010,GU,1733951737
412,Edd,13.9297,41.6925,80.65,50,0,17.25,1013,ER,1733951739
413,Chichihualco,17.6833,-99.65,81.18,35,53,6.85,1014,MX,1733951740
414,Trevelin,-43.0858,-71.4639,70.72,39,5,6.93,1010,AR,1733951743
415,Mejit,10.2753,170.8646,81.75,80,98,23.11,1011,MH,1733951744
416,Kokopo,-4.352,152.2633,80.28,81,95,2.75,1007,PG,1733951745
417,Ulaanbaatar,47.9077,106.8832,-3.87,77,40,2.24,1031,MN,1733951746
418,Taoudenni,22.6783,-3.9836,70.02,12,100,2.06,1015,ML,1733951747
419,Mikhaylovsk,45.1283,42.0256,44.82,93,40,17.9,1014,RU,1733951748
420,Castlemaine,-37.0667,144.2167,59.36,73,87,8.57,1010,AU,1733951749
421,Shwebo,22.5667,95.7,63.01,83,100,6.6,1011,MM,1733951750
422,Zapolyarnyy,69.4154,30.8136,16.45,93,34,24.67,1003,RU,1733951540
423,Sierra Grande,-41.606,-65.3557,61.21,80,71,14.25,1011,AR,1733951755
424,Dili,-8.5586,125.5736,80.49,79,100,2.68,1007,TL,1733951463
425,Los Llanos de Aridane,28.6585,-17.9182,61.12,78,20,8.05,1021,ES,1733951757
426,Bonthe,7.5264,-12.505,80.64,77,17,8.48,1011,SL,1733951758
427,Mahina,-17.5065,-149.489,80.37,65,40,12.66,1010,PF,1733951759
428,Turrialba,9.9047,-83.6835,76.19,82,32,5.64,1014,CR,1733951703
429,Shihezi,44.3,86.0333,7.02,79,1,4.25,1046,CN,1733951761
430,Camocim,-2.9022,-40.8411,81.16,78,85,19.8,1008,BR,1733951762
431,Qarazhal,48.0078,70.7903,8.19,87,80,10.31,1037,KZ,1733951763
432,Nyagan,62.1406,65.3936,18.81,92,100,9.75,989,RU,1733951764
433,Tandil,-37.3217,-59.1332,85.53,25,31,15.97,1007,AR,1733951694
434,Santiago Papasquiaro,25.046,-105.4208,63.81,23,98,4.97,1019,MX,1733951766
435,Mandalgovi,45.7625,106.2708,6.66,93,57,14.14,1031,MN,1733951505
436,Alice Springs,-23.7,133.8833,74.75,64,98,4.61,1009,AU,1733951769
437,Ascención,31.1,-107.9833,54.77,9,84,7.02,1021,MX,1733951770
438,Port-Vila,-17.7338,168.3219,78.4,94,100,2.3,1008,VU,1733951771
439,Whitehorse,60.7161,-135.0538,32.02,86,75,10.36,1007,CA,1733951732
440,Aldan,58.6031,125.3894,3.83,96,100,9.31,1020,RU,1733951773
441,Bubaque,11.2833,-15.8333,79.88,65,5,15.95,1011,GW,1733951774
442,Carnarvon,-24.8667,113.6333,79.11,82,100,12.8,1005,AU,1733951775
443,Kupang,-10.1667,123.5833,79.38,100,20,2.3,1006,ID,1733951776
444,Moyale,3.5167,39.0584,69.64,41,3,8.52,1013,KE,1733951777
445,Kristiansund,63.1115,7.732,37.13,87,75,0.0,1032,NO,1733951778
446,Manado,1.487,124.8455,75.97,100,20,1.14,1007,ID,1733951779
447,Superior,46.7208,-92.1041,1.49,60,100,26.46,1020,US,1733951780
448,Ciudad Bolivar,8.1222,-63.5497,88.97,48,71,11.1,1008,VE,1733951781
449,Ulsteinvik,62.3432,5.8487,36.32,82,98,4.21,1032,NO,1733951782
450,Mount Isa,-20.7333,139.5,76.77,41,100,10.36,1006,AU,1733951685
451,Calingasta,-31.3308,-69.4078,90.07,17,1,24.76,999,AR,1733951786
452,Saldanha,-33.0117,17.9442,63.64,90,68,13.85,1016,ZA,1733951788
453,Yigo Village,13.5361,144.8886,78.75,92,0,4.61,1010,GU,1733951789
454,Dudinka,69.4058,86.1778,6.28,90,100,22.7,997,RU,1733951790
455,Bull Savanna,17.8868,-77.5902,79.11,72,11,2.33,1014,JM,1733951791
456,Altai,46.3722,96.2583,-6.18,94,70,5.08,1044,MN,1733951792
457,Visakhapatnam,17.69,83.2093,76.89,78,40,5.75,1012,IN,1733951793
458,Muhos,64.808,25.9931,28.98,69,43,10.38,1015,FI,1733951795
459,Copşa Mică,46.1167,24.25,32.63,98,99,3.51,1026,RO,1733951796
460,Port Shepstone,-30.7414,30.455,74.68,94,100,7.34,1014,ZA,1733951797
461,Ancud,-41.8697,-73.8203,58.39,65,0,11.05,1017,CL,1733951798
462,Noosa,-26.3833,153.15,76.6,80,34,13.27,1008,AU,1733951799
463,Gizo Government Station,-8.103,156.8419,83.89,74,30,8.77,1007,SB,1733951800
464,Hays,30.0502,-98.0336,64.09,25,0,1.1,1028,US,1733951801
465,Saugor,23.8333,78.7167,51.3,42,44,2.42,1015,IN,1733951802
466,Am Timan,11.0297,20.2827,77.79,17,100,5.68,1011,TD,1733951748
467,Calais,50.9581,1.8521,44.37,81,100,13.69,1032,FR,1733951804
468,Kavieng,-2.5744,150.7967,83.08,78,100,6.22,1007,PG,1733951806
469,Vakarai,55.6035,23.8213,29.57,94,35,8.25,1025,LT,1733951807
470,Tosontsengel,48.7567,98.2839,-9.65,100,100,3.0,1046,MN,1733951808
471,San Jose,37.3394,-121.895,69.53,36,75,1.99,1018,US,1733951783
472,Marshalltown,42.0494,-92.908,15.24,71,40,21.85,1023,US,1733951602
473,Palikir,6.9248,158.1611,83.25,84,75,13.8,1008,FM,1733951812
474,Tīrthahalli,13.7,75.2333,67.28,77,100,6.2,1010,IN,1733951813
475,Lutterworth,52.4563,-1.2022,41.97,85,100,9.98,1035,GB,1733951814
476,Parauapebas,-6.0675,-49.9022,85.98,74,0,1.14,1008,BR,1733951815
477,Nadi,-17.8,177.4167,86.0,58,20,5.75,1010,FJ,1733951767
478,Bembèrèkè,10.2283,2.6634,78.71,26,95,4.5,1012,BJ,1733951817
479,Eydhafushi,5.1033,73.0708,80.42,79,41,3.89,1008,MV,1733951819
480,Mount Pearl,47.5166,-52.7813,40.32,96,100,25.32,1032,CA,1733951820
481,La Passe,45.5549,-0.8967,39.11,86,15,10.0,1025,FR,1733951821
482,Madera,37.1666,-119.8343,67.24,40,52,3.87,1019,US,1733951824
483,Howrah,22.5892,88.3103,59.0,82,28,4.61,1013,IN,1733951825
484,Lüderitz,-26.6481,15.1594,74.66,54,98,22.86,1011,NA,1733951582
485,Ketchikan,55.3422,-131.6461,51.78,66,0,11.5,1009,US,1733951827
486,Arawa,-6.2132,155.5367,81.52,86,100,2.75,1008,PG,1733951828
487,Monteagudo,-19.8167,-63.9833,87.98,42,9,10.45,1001,BO,1733951829
488,Kalamassery,10.06,76.3213,78.67,73,40,4.61,1007,IN,1733951830
489,Paita,-5.0892,-81.1144,71.71,74,25,15.88,1008,PE,1733951831
490,Nelson Bay,-32.7167,152.15,72.1,85,7,4.0,1009,AU,1733951832
491,Novo Aripuanã,-5.1206,-60.3797,84.09,71,99,1.5,1005,BR,1733951628
492,Georgīevka,49.3314,81.5761,8.2,83,100,11.36,1042,KZ,1733951834
493,Aoulef,26.9667,1.0833,68.29,15,36,8.01,1015,DZ,1733951836
494,Adrar,20.5022,-10.0711,64.9,31,32,10.18,1016,MR,1733951837
495,Bantay,17.5847,120.3892,77.32,79,49,4.81,1009,PH,1733951838
496,Alotau,-10.3069,150.4462,79.54,87,17,2.66,1007,PG,1733951839
497,Yamada,39.4667,141.95,28.51,58,60,3.76,1015,JP,1733951840
498,Campos Novos,-27.4017,-51.225,69.85,67,72,5.41,1012,BR,1733951736
499,Manacapuru,-3.2997,-60.6206,84.51,67,99,6.38,1006,BR,1733951842
500,Gazipaşa,36.2694,32.3179,55.49,88,0,5.75,1020,TR,1733951843
501,Slavs'ke,48.8473,23.4459,26.87,87,100,3.29,1027,UA,1733951844
502,Jose Maria Morelos,30.8066,-112.684,69.85,7,100,3.47,1015,MX,1733951845
503,Howard Springs,-12.497,131.047,84.11,86,35,2.55,1005,AU,1733951846
504,Hailar,49.2,119.7,-14.89,97,1,5.06,1032,CN,1733951847
505,Samarinda,-0.5,117.15,74.59,98,98,1.36,1006,ID,1733951849
506,Phan Rang-Thap Cham,11.5667,108.9833,74.52,96,100,6.29,1007,VN,1733951850
507,Timimoun,29.2639,0.231,61.18,36,0,4.61,1014,DZ,1733951851
508,Bengkulu,-3.8004,102.2655,75.13,90,100,4.76,1007,ID,1733951852
509,Rome,43.2128,-75.4557,41.68,97,100,14.97,999,US,1733951853
510,Salekhard,66.53,66.6019,-0.31,99,55,4.0,984,RU,1733951854
511,Basco,20.4487,121.9702,77.7,69,100,20.07,1014,PH,1733951855
512,Aleksandrovsk,59.158,57.5624,25.14,95,100,12.64,994,RU,1733951856
513,Greymouth,-42.4667,171.2,61.97,75,100,2.19,1007,NZ,1733951857
514,Lata,40.1629,-8.3327,42.17,71,73,2.48,1018,PT,1733951858
515,Thongwa,16.7619,96.5278,73.99,72,100,5.59,1008,MM,1733951859
516,Atherton,53.5237,-2.4935,42.3,78,25,3.09,1036,GB,1733951860
517,Kalavai,12.7703,79.42,73.49,90,97,6.2,1009,IN,1733951861
518,Mogadishu,2.0371,45.3438,78.82,82,46,18.72,1011,SO,1733951646
519,Bahía Honda,22.9036,-83.1592,79.25,79,95,10.92,1017,CU,1733951864
520,Tākestān,36.0696,49.6959,37.2,73,97,2.89,1024,IR,1733951865
521,Santa Maria,-29.6842,-53.8069,80.96,55,88,11.07,1010,BR,1733951531
522,Ivdel',60.6911,60.4206,16.81,92,99,4.21,989,RU,1733951867
523,Anaconda,46.1285,-112.9423,36.86,49,100,6.13,1016,US,1733951868
524,Viqueque,-8.8673,126.3658,75.92,91,99,2.82,1007,TL,1733951869
525,Hūn,29.1268,15.9477,64.02,27,100,11.34,1020,LY,1733951870
526,Emerald,-23.5333,148.1667,76.33,94,76,5.21,1007,AU,1733951871
527,Harpālpur,25.2884,79.3347,51.8,28,99,4.45,1015,IN,1733951872
528,Sauðarkrokur,65.7461,-19.6394,41.31,92,100,8.34,1009,IS,1733951873
529,Kiunga,-6.1219,141.2906,73.87,100,100,1.41,1007,PG,1733951874
530,Selma,36.5708,-119.6121,58.21,87,0,4.61,1019,US,1733951875
531,Kodinsk,58.6881,99.1844,10.38,91,100,8.7,1024,RU,1733951876
532,Takoradze,4.8845,-1.7554,80.15,86,13,10.38,1011,GH,1733951878
533,Almenara,-16.1836,-40.6944,76.84,78,100,3.89,1009,BR,1733951879
534,Buurhakaba,2.8026,44.0781,74.97,79,11,9.17,1012,SO,1733951880
535,Anykščiai,55.5256,25.1026,29.12,95,31,6.78,1024,LT,1733951881
536,Hornell,42.3279,-77.6611,37.4,97,100,8.99,1003,US,1733951882
537,Muroto-misakicho,33.2833,134.15,50.72,70,91,16.75,1018,JP,1733951883
538,Concordia,-31.393,-58.0209,88.79,42,20,5.99,1008,AR,1733951702
539,Dampit,-8.2116,112.7493,72.34,95,100,3.06,1007,ID,1733951885
540,Arica,-18.475,-70.3042,70.03,60,0,10.36,1012,CL,1733951740
541,Huilong,31.8111,121.655,47.75,65,80,10.96,1026,CN,1733951887
542,Carrigaline,51.8117,-8.3986,41.68,75,75,11.5,1034,IE,1733951889
543,Boende,-0.2167,20.8667,74.73,83,92,2.89,1010,CD,1733951890
544,Shangzhi,45.2167,127.9667,-6.12,100,40,4.41,1029,CN,1733951892
545,Pandan,14.0453,124.1694,78.44,90,97,13.24,1009,PH,1733951893
546,Gaalkacyo,6.7697,47.4308,73.35,66,70,15.32,1013,SO,1733951894
547,Yanam,16.7333,82.2167,75.29,78,88,6.4,1011,IN,1733951895
548,Suva,-18.1416,178.4415,85.48,66,75,11.5,1010,FJ,1733951896
549,Ierapetra,35.01,25.7353,61.14,80,81,5.01,1023,GR,1733951898
550,Kolonia Town,6.964,158.206,84.31,84,75,13.8,1008,FM,1733951899
551,Thinadhoo,0.5333,72.9333,81.34,79,77,12.46,1008,MV,1733951900
552,Hilo,19.7297,-155.09,79.11,79,40,9.22,1021,US,1733951608
553,Megion,61.0296,76.1136,21.22,90,100,14.72,999,RU,1733951903
554,Ebon,4.582,168.6964,83.05,75,89,18.7,1008,MH,1733951905
555,Tamanghasset,22.785,5.5228,53.51,11,0,4.61,1020,DZ,1733951906
556,Chui,-33.6971,-53.4616,70.29,66,2,12.59,1015,UY,1733951907
557,Isangel,-19.55,169.2667,83.12,78,24,8.01,1009,VU,1733951908
558,Novodvinsk,64.4165,40.8122,28.15,88,100,10.36,997,RU,1733951909
559,Karratha,-20.7377,116.8463,83.57,76,100,6.71,1004,AU,1733951910
560,Mugia,43.1041,-9.2179,50.52,73,99,11.68,1019,ES,1733951911
561,Zelenogorskiy,55.0333,87.0,16.65,80,100,14.12,1027,RU,1733951912
562,Crane,31.3974,-102.3501,59.59,13,0,13.49,1024,US,1733951913
563,Onega,63.9061,38.1404,27.45,84,100,15.03,1000,RU,1733951915
564,Nizhnesortymskiy,62.4397,71.7603,18.75,94,100,17.05,993,RU,1733951916
565,Labuan,5.2767,115.2417,77.36,94,40,0.0,1005,MY,1733951917
566,Haiku-Pauwela,20.9219,-156.3051,79.25,68,40,34.0,1020,US,1733951918
567,Kuju,23.7167,85.5,51.4,48,6,4.32,1015,IN,1733951919
568,Mossel Bay,-34.1831,22.146,66.13,83,99,4.61,1015,ZA,1733951920
569,Ujae,8.9322,165.7642,82.76,76,88,22.82,1009,MH,1733951921
570,Pizarro,4.9533,-77.366,80.33,82,88,6.91,1008,CO,1733951922
571,Tual,-5.6667,132.75,83.14,74,100,3.38,1006,ID,1733951923
